<?xml version="1.0" encoding="UTF-8"?>  
  
<tools>  
    <data type="boolean" key="xhtml" value="true"/>  
    <data type="boolean" key="isSimple" value="true"/>  
    <data type="number" key="version" value="2.0"/>  

    <toolbox scope="request">  
        <!-- <tool key="toytool" class="ToyTool" restrictTo="index*"/> -->  
    </toolbox>  
      
    <toolbox scope="session">  
        <!-- <tool key="map" class="java.util.HashMap"/> -->  
    </toolbox>  
    
    <toolbox scope="application">  
        <!-- <tool key="map" class="java.util.HashMap"/> -->  
    </toolbox>
</tools>