<?xml version="1.0" encoding="UTF-8"?>

<beans xmlns="http://www.springframework.org/schema/beans"
    xmlns:xsi="http://www.w3.org/2001/XMLSchema-instance"
    xmlns:dubbo="http://code.alibabatech.com/schema/dubbo"
    xmlns:aop="http://www.springframework.org/schema/aop"
    xsi:schemaLocation="http://www.springframework.org/schema/beans
                        http://www.springframework.org/schema/beans/spring-beans.xsd
                        http://code.alibabatech.com/schema/dubbo
                        http://souche.oss-cn-hangzhou.aliyuncs.com/files/dubbo/dubbo.xsd
                        http://www.springframework.org/schema/aop
                        http://www.springframework.org/schema/aop/spring-aop.xsd">

    <!--搜索服务-->
    <dubbo:reference interface="com.souche.elastic.search.api.SearchService" id="searchService"/>

    <bean id="cacheAdvice" class="com.souche.orbit.sun.cache.CacheAdvice"/>
    <aop:config>
        <aop:pointcut id="cacheLease"
            expression="@annotation(com.souche.orbit.sun.cache.Cache)"/>
        <aop:advisor advice-ref="cacheAdvice"
            pointcut-ref="cacheLease" order="9"/>
    </aop:config>

    <bean id="cacheClearAdvice" class="com.souche.orbit.sun.cache.CacheClearAdvice"/>
    <aop:config>
        <aop:pointcut id="cacheClearLease"
            expression="@annotation(com.souche.orbit.sun.cache.CacheClear)"/>
        <aop:advisor advice-ref="cacheClearAdvice"
            pointcut-ref="cacheClearLease" order="9"/>
    </aop:config>

    <bean id = "accessDataHandlerAspect" class="com.souche.edjo.annotation.AccessDataHandlerAspect"/>

    <bean id="register" class="com.souche.orbit.sun.check.CheckModeRegister"/>

</beans>
