<?xml version="1.0" encoding="UTF-8"?>
<beans xmlns="http://www.springframework.org/schema/beans" xmlns:xsi="http://www.w3.org/2001/XMLSchema-instance"
    xmlns:p="http://www.springframework.org/schema/p" xmlns:context="http://www.springframework.org/schema/context"
    xmlns:aop="http://www.springframework.org/schema/aop" xmlns:tx="http://www.springframework.org/schema/tx"
    xsi:schemaLocation="
		http://www.springframework.org/schema/beans
		http://www.springframework.org/schema/beans/spring-beans-3.0.xsd
		http://www.springframework.org/schema/context
		http://www.springframework.org/schema/context/spring-context-3.0.xsd
		http://www.springframework.org/schema/aop
		http://www.springframework.org/schema/aop/spring-aop-3.0.xsd">



    <!-- 设置freeMarker的配置文件路径 -->
    <bean id="freemarkerConfiguration" class="org.springframework.beans.factory.config.PropertiesFactoryBean">
        <property name="location" value="classpath:freemarker.properties"/>
    </bean>

    <!-- 配置freeMarker的模板路径 -->
    <bean class="org.springframework.web.servlet.view.freemarker.FreeMarkerConfigurer">
        <property name="freemarkerSettings" ref="freemarkerConfiguration"/>
        <property name="templateLoaderPath">
            <value>/WEB-INF/ftl/</value>
        </property>
    </bean>


</beans>