<?xml version="1.0" encoding="UTF-8"?>
<!--
    用户自定义的拦截器配置
-->
<beans xmlns:xsi="http://www.w3.org/2001/XMLSchema-instance" xmlns="http://www.springframework.org/schema/beans"
    xmlns:p="http://www.springframework.org/schema/p" xmlns:context="http://www.springframework.org/schema/context"
       xsi:schemaLocation="http://www.springframework.org/schema/beans http://www.springframework.org/schema/beans/spring-beans.xsd
       http://www.springframework.org/schema/context http://www.springframework.org/schema/context/spring-context.xsd"
    default-autowire="byName" default-lazy-init="true">
    <context:component-scan base-package="com.souche.**">
        <context:exclude-filter type="regex" expression="com\.souche\.optimus\.core\.controller\..*"/>
        <context:exclude-filter type="regex" expression="com\.souche\.optimus\.core\.registry\..*"/>
        <context:exclude-filter type="regex" expression="com\.souche\.swagger\.view\..*"/>
    </context:component-scan>

    <import resource="application-interceptor.xml"></import>
    <import resource="application-dao.xml"></import>
    <import resource="application-service.xml"></import>
    <import resource="application-dubbo.xml"></import>
    <import resource="application-aop.xml"></import>
    <import resource="application-freemarker.xml"></import>
</beans>
