<?xml version="1.0" encoding="UTF-8"?>
<configuration>
    <property name="LOG_DIR" value="${catalina.base}/logs"/>

    <property name="pattern" value="%d{yyyy-MM-dd HH:mm:ss.SSS} [%traceId] [%thread] [%C:%L] %-5level  %msg%n"/>

    <appender name="STDOUT" class="ch.qos.logback.core.ConsoleAppender">
        <target>System.out</target>
        <encoder class="ch.qos.logback.core.encoder.LayoutWrappingEncoder">
            <layout class="com.souche.bumblebee.trace.log.logback.TraceIdPatternLogbackLayout">
                <pattern>${pattern}</pattern>
            </layout>
        </encoder>
    </appender>
    
<!--     <appender name="HESSIAN_LOG" class="ch.qos.logback.core.rolling.RollingFileAppender"> -->
<!--         <file>${LOG_DIR}/hessian.log</file> -->
<!--         <rollingPolicy class="ch.qos.logback.core.rolling.TimeBasedRollingPolicy"> -->
<!--             <FileNamePattern>${LOG_DIR}/hessian.%d{yyyy-MM-dd}.log -->
<!--             </FileNamePattern> -->
<!--         </rollingPolicy> -->
<!--         <encoder class="ch.qos.logback.classic.encoder.PatternLayoutEncoder"> -->
<!--             <pattern>${pattern}</pattern> -->
<!--             <charset>UTF-8</charset> -->
<!--         </encoder> -->
<!--         <filter class="ch.qos.logback.classic.filter.LevelFilter"> -->
<!--             <level>DEBUG</level> -->
<!--             <onMatch>ACCEPT</onMatch> -->
<!--             <onMismatch>DENY</onMismatch> -->
<!--         </filter> -->
<!--     </appender> -->

    <appender name="SQL_INFO" class="ch.qos.logback.core.rolling.RollingFileAppender">
        <file>${LOG_DIR}/sql_info.log</file>
        <rollingPolicy class="ch.qos.logback.core.rolling.TimeBasedRollingPolicy">
            <fileNamePattern>${LOG_DIR}/sql_info_%d{yyyy-MM-dd}.log.%i.gz</fileNamePattern>
            <timeBasedFileNamingAndTriggeringPolicy class="ch.qos.logback.core.rolling.SizeAndTimeBasedFNATP">
                <maxFileSize>20MB</maxFileSize>
            </timeBasedFileNamingAndTriggeringPolicy>
            <maxHistory>10</maxHistory>
        </rollingPolicy>
        <encoder class="ch.qos.logback.core.encoder.LayoutWrappingEncoder">
            <layout class="com.souche.bumblebee.trace.log.logback.TraceIdPatternLogbackLayout">
                <pattern>${pattern}</pattern>
            </layout>
        </encoder>
        <filter class="ch.qos.logback.classic.filter.LevelFilter">
            <level>INFO</level>
            <onMatch>ACCEPT</onMatch>
            <onMismatch>DENY</onMismatch>
        </filter>
    </appender>

    <appender name="SQL_ERROR" class="ch.qos.logback.core.rolling.RollingFileAppender">
        <file>${LOG_DIR}/sql_error.log</file>
        <rollingPolicy class="ch.qos.logback.core.rolling.TimeBasedRollingPolicy">
            <fileNamePattern>${LOG_DIR}/sql_error_%d{yyyy-MM-dd}.log.%i.gz</fileNamePattern>
            <timeBasedFileNamingAndTriggeringPolicy class="ch.qos.logback.core.rolling.SizeAndTimeBasedFNATP">
                <maxFileSize>20MB</maxFileSize>
            </timeBasedFileNamingAndTriggeringPolicy>
            <maxHistory>10</maxHistory>
        </rollingPolicy>
        <encoder class="ch.qos.logback.core.encoder.LayoutWrappingEncoder">
            <layout class="com.souche.bumblebee.trace.log.logback.TraceIdPatternLogbackLayout">
                <pattern>${pattern}</pattern>
            </layout>
        </encoder>
        <filter class="ch.qos.logback.classic.filter.LevelFilter">
            <level>ERROR</level>
            <onMatch>ACCEPT</onMatch>
            <onMismatch>DENY</onMismatch>
        </filter>
    </appender>

    <!-- hessian日志拦截 默认为debug-->
<!--     <logger name="com.souche.common.hessian.server.CallInfoInterceptor" additivity="false"> -->
<!--         <level value="debug"/> -->
<!--         <appender-ref ref="HESSIAN_LOG"/> -->
<!--         <appender-ref ref="STDOUT"/> -->
<!--     </logger> -->

    <logger name="java.sql" level="info" additivity="false">
        <appender-ref ref="STDOUT"></appender-ref>
        <appender-ref ref="SQL_INFO"></appender-ref>
        <appender-ref ref="SQL_ERROR"></appender-ref>
    </logger>

	<logger name="org.apache.zookeeper" level="error" additivity="false">
        <appender-ref ref="STDOUT"></appender-ref>
    </logger>

    <root level="info">
        <appender-ref ref="STDOUT"/>
    </root>
    
    
</configuration>