<?xml version="1.0" encoding="UTF-8"?>
<beans xmlns:xsi="http://www.w3.org/2001/XMLSchema-instance" xmlns="http://www.springframework.org/schema/beans"
    xmlns:p="http://www.springframework.org/schema/p" xsi:schemaLocation="http://www.springframework.org/schema/beans http://www.springframework.org/schema/beans/spring-beans.xsd"
    default-autowire="byName" default-lazy-init="true">

    <!-- DataSource数据 -->
    <bean id="dataSource" class="com.alibaba.druid.pool.DruidDataSource" init-method="init" destroy-method="close">
        <property name="name" value="souchecar"/>
        <property name="driverClassName" value="${jdbc.driver}"/>
        <property name="url" value="${jdbc.url}"/>
        <property name="username" value="${jdbc.username}"/>
        <property name="password" value="${jdbc.password}"/>
        <property name="maxActive" value="20"/>
        <property name="minIdle" value="2"/>
        <property name="initialSize" value="2"/>
        <property name="validationQuery" value="SELECT 1"/>
        <property name="testOnBorrow" value="false"/>
        <property name="testOnReturn" value="false"/>
        <property name="testWhileIdle" value="true"/>
        <property name="timeBetweenEvictionRunsMillis" value="60000"/>
        <property name="minEvictableIdleTimeMillis" value="300000"/>
        <property name="defaultAutoCommit" value="true"/>
        <property name="removeAbandoned" value="true"/>
        <property name="removeAbandonedTimeout" value="60"/>
        <property name="logAbandoned" value="true"/>
        <property name="filters" value="stat"/>
    </bean>
    
    <bean id="sqlSessionFactory" class="org.mybatis.spring.SqlSessionFactoryBean">
		<property name="configLocation" value="classpath:mybatis-config.xml" />
        <property name="mapperLocations" >
            <list>
                <value>classpath*:sqlmap/**/*.xml</value>
            </list>
        </property>
        <property name="dataSource" ref="dataSource" />

    </bean>

    <bean id="sqlSession" class="org.mybatis.spring.SqlSessionTemplate">
        <constructor-arg index="0" ref="sqlSessionFactory" />
    </bean>
</beans>
