<?xml version="1.0" encoding="UTF-8"?>
<!-- 
定义框架提供的公共工具包及服务
 -->
<beans xmlns:xsi="http://www.w3.org/2001/XMLSchema-instance"
    xmlns="http://www.springframework.org/schema/beans"
    xmlns:p="http://www.springframework.org/schema/p"
    xsi:schemaLocation="http://www.springframework.org/schema/beans http://www.springframework.org/schema/beans/spring-beans.xsd"
    default-autowire="byName"
    default-lazy-init="true">

    <bean id="propertyConfigurer" class="org.springframework.beans.factory.config.PropertyPlaceholderConfigurer"> 
        <property name="locations"> 
           <list> 
                 <value>classpath*:*.properties</value>           
           </list> 
        </property> 
    </bean> 
    
    <import resource="application-optimus-common.xml"></import>
 	<import resource="application-optimus-datasource.xml"></import>
    
</beans>
